Date,Location,Water_Level_ft,Height (ft),Completion Cost,Gross Storage Capacity (Aft),Live storage (Aft),C.C.A. (Acres),Capacity of Channel (Cfs),Length of Canal (ft),DSL (ft),NPL (ft),HFL (ft),River / Nullah,Year of Completion,Catchment Area (Sq. Km),Latitude,Longitude
1/7/2025,Dharabi,1597,91.33,383.26,37000,12621,6400,32,117000,1591,1601,1608.5,Dharabi River (Tributary of Soan River),2012,56.88,32.909614,72.664147
1/7/2025,Mial,1428.5,70.31,66.64,3200,1306,935,6,16000,1427.2,1438,1443,Latti Nullah (Tributary of Soan River),2004,40.144,32.866667,72.115
1/7/2025,Dhurnal,1458,68,1.595,1570,1062,700,4,20064,1464,1477,1485,Nikki Nullah,1967,21.0048,32.803889,72.098333
1/7/2025,Gurabh,1726,76.4,1.338,972,679,1346,3.25,15048,1728,1748,1756,Gurabh Nullah (Tributary of Soan River),1970,16.80902,32.856111,72.361667
1/7/2025,Bhugtal,1779,75,24.942,1140,675,680,6.5,17002,1780,1795.3,1799.3,Sirri Nullah,1990,22.6624,32.815,72.234167
1/7/2025,Pira,1858.9,89.94,38.08,7400,2900,750,16,34450,1860,1873.3,1878,Gandiali Nullah (Tributory of Soan),1994,26.78,32.798269,72.355469
1/7/2025,Dhok Hum,1705,87,250.602,8000,2800,1230,15,29700,1706.5,1717.5,1724,Ankar (Tributory of Soan),2012,40,32.837423,72.27425
1/7/2025,U-Lakhwal,1451,135,449.348,18000,6500,3500,12,79800,1455,1470,1478,Sauj kass (Tributary of Soan River),2012,44.4,33.026675,72.76926
2/7/2025,Dharabi,1597,,,,,,,,,,,,,,,
2/7/2025,Mial,1428.5,,,,,,,,,,,,,,,
2/7/2025,Dhurnal,1458,,,,,,,,,,,,,,,
2/7/2025,Gurabh,1726,,,,,,,,,,,,,,,
2/7/2025,Bhugtal,1779,,,,,,,,,,,,,,,
2/7/2025,Pira,1858.9,,,,,,,,,,,,,,,
2/7/2025,Dhok Hum,1705,,,,,,,,,,,,,,,
2/7/2025,U-Lakhwal,1451,,,,,,,,,,,,,,,
3/7/2025,Dharabi,1597,,,,,,,,,,,,,,,
3/7/2025,Mial,1428.5,,,,,,,,,,,,,,,
3/7/2025,Dhurnal,1458,,,,,,,,,,,,,,,
3/7/2025,Gurabh,1726,,,,,,,,,,,,,,,
3/7/2025,Bhugtal,1779,,,,,,,,,,,,,,,
3/7/2025,Pira,1858.9,,,,,,,,,,,,,,,
3/7/2025,Dhok Hum,1705,,,,,,,,,,,,,,,
3/7/2025,U-Lakhwal,1451,,,,,,,,,,,,,,,
4/7/2025,Dharabi,1597,,,,,,,,,,,,,,,
4/7/2025,Mial,1428.5,,,,,,,,,,,,,,,
4/7/2025,Dhurnal,1458,,,,,,,,,,,,,,,
4/7/2025,Gurabh,1726,,,,,,,,,,,,,,,
4/7/2025,Bhugtal,1779,,,,,,,,,,,,,,,
4/7/2025,Pira,1858.9,,,,,,,,,,,,,,,
4/7/2025,Dhok Hum,1705,,,,,,,,,,,,,,,
4/7/2025,U-Lakhwal,1451,,,,,,,,,,,,,,,
5/7/2025,Dharabi,1597,,,,,,,,,,,,,,,
5/7/2025,Mial,1428.5,,,,,,,,,,,,,,,
5/7/2025,Dhurnal,1458,,,,,,,,,,,,,,,
5/7/2025,Gurabh,1726,,,,,,,,,,,,,,,
5/7/2025,Bhugtal,1779,,,,,,,,,,,,,,,
5/7/2025,Pira,1858.9,,,,,,,,,,,,,,,
5/7/2025,Dhok Hum,1705,,,,,,,,,,,,,,,
5/7/2025,U-Lakhwal,1451,,,,,,,,,,,,,,,
6/7/2025,Dharabi,1597,,,,,,,,,,,,,,,
6/7/2025,U-Lakhwal,1451,,,,,,,,,,,,,,,
7/7/2025,Dharabi,1597,,,,,,,,,,,,,,,
7/7/2025,Mial,1428.5,,,,,,,,,,,,,,,
7/7/2025,Dhurnal,1458,,,,,,,,,,,,,,,
7/7/2025,Gurabh,1725,,,,,,,,,,,,,,,
7/7/2025,Bhugtal,1778.5,,,,,,,,,,,,,,,
7/7/2025,Pira,1858.9,,,,,,,,,,,,,,,
7/7/2025,Dhok Hum,1705,,,,,,,,,,,,,,,
7/7/2025,U-Lakhwal,1451,,,,,,,,,,,,,,,
8/7/2025,Dharabi,1596.5,,,,,,,,,,,,,,,
8/7/2025,Mial,1428.5,,,,,,,,,,,,,,,
8/7/2025,Dhurnal,1458,,,,,,,,,,,,,,,
8/7/2025,Gurabh,1725,,,,,,,,,,,,,,,
8/7/2025,Bhugtal,1778.5,,,,,,,,,,,,,,,
8/7/2025,Pira,1858.9,,,,,,,,,,,,,,,
8/7/2025,Dhok Hum,1705,,,,,,,,,,,,,,,
8/7/2025,U-Lakhwal,1451,,,,,,,,,,,,,,,
9/7/2025,Dharabi,1596.5,,,,,,,,,,,,,,,
9/7/2025,Mial,1428.5,,,,,,,,,,,,,,,
9/7/2025,Dhurnal,1458,,,,,,,,,,,,,,,
9/7/2025,Gurabh,1725,,,,,,,,,,,,,,,
9/7/2025,Bhugtal,1778.5,,,,,,,,,,,,,,,
9/7/2025,Pira,1858.9,,,,,,,,,,,,,,,
9/7/2025,Dhok Hum,1705,,,,,,,,,,,,,,,
9/7/2025,U-Lakhwal,1451,,,,,,,,,,,,,,,
10/7/2025,Dharabi,1596.5,,,,,,,,,,,,,,,
10/7/2025,Mial,1428.5,,,,,,,,,,,,,,,
10/7/2025,Dhurnal,1458,,,,,,,,,,,,,,,
10/7/2025,Gurabh,1725,,,,,,,,,,,,,,,
10/7/2025,Bhugtal,1778.5,,,,,,,,,,,,,,,
10/7/2025,Pira,1859,,,,,,,,,,,,,,,
10/7/2025,Dhok Hum,1705,,,,,,,,,,,,,,,
10/7/2025,U-Lakhwal,1451,,,,,,,,,,,,,,,
11/7/2025,Dharabi,1596.5,,,,,,,,,,,,,,,
11/7/2025,Mial,1428.5,,,,,,,,,,,,,,,
11/7/2025,Dhurnal,1458,,,,,,,,,,,,,,,
11/7/2025,Gurabh,1725,,,,,,,,,,,,,,,
11/7/2025,Bhugtal,1778.5,,,,,,,,,,,,,,,
11/7/2025,Pira,1859,,,,,,,,,,,,,,,
11/7/2025,Dhok Hum,1705,,,,,,,,,,,,,,,
11/7/2025,U-Lakhwal,1451,,,,,,,,,,,,,,,
12/7/2025,Dharabi,1596.5,,,,,,,,,,,,,,,
12/7/2025,Mial,1428.5,,,,,,,,,,,,,,,
12/7/2025,Dhurnal,1458,,,,,,,,,,,,,,,
12/7/2025,Gurabh,1729,,,,,,,,,,,,,,,
12/7/2025,Bhugtal,1779,,,,,,,,,,,,,,,
12/7/2025,Pira,1859,,,,,,,,,,,,,,,
12/7/2025,Dhok Hum,1705,,,,,,,,,,,,,,,
12/7/2025,U-Lakhwal,1451,,,,,,,,,,,,,,,
13/07/2025,Dharabi,1596.5,,,,,,,,,,,,,,,
13/07/2025,Mial,1428.5,,,,,,,,,,,,,,,
13/07/2025,Dhurnal,1458,,,,,,,,,,,,,,,
13/07/2025,Gurabh,1729,,,,,,,,,,,,,,,
13/07/2025,Bhugtal,1779,,,,,,,,,,,,,,,
13/07/2025,Pira,1859,,,,,,,,,,,,,,,
13/07/2025,Dhok Hum,1705,,,,,,,,,,,,,,,
13/07/2025,U-Lakhwal,1451,,,,,,,,,,,,,,,
14/07/2025,Dharabi,1596.5,,,,,,,,,,,,,,,
14/07/2025,Mial,1428.5,,,,,,,,,,,,,,,
14/07/2025,Dhurnal,1458,,,,,,,,,,,,,,,
14/07/2025,Gurabh,1729,,,,,,,,,,,,,,,
14/07/2025,Bhugtal,1779,,,,,,,,,,,,,,,
14/07/2025,Pira,1859,,,,,,,,,,,,,,,
14/07/2025,Dhok Hum,1705,,,,,,,,,,,,,,,
14/07/2025,U-Lakhwal,1451,,,,,,,,,,,,,,,
15/07/2025,Dharabi,1596.5,,,,,,,,,,,,,,,
15/07/2025,Mial,1428.5,,,,,,,,,,,,,,,
15/07/2025,Dhurnal,1458,,,,,,,,,,,,,,,
15/07/2025,Gurabh,1729,,,,,,,,,,,,,,,
15/07/2025,Bhugtal,1779,,,,,,,,,,,,,,,
15/07/2025,Pira,1859,,,,,,,,,,,,,,,
15/07/2025,Dhok Hum,1705,,,,,,,,,,,,,,,
15/07/2025,U-Lakhwal,1451,,,,,,,,,,,,,,,
16/07/2025,Dharabi,1596.5,,,,,,,,,,,,,,,
16/07/2025,Mial,1428.5,,,,,,,,,,,,,,,
16/07/2025,Dhurnal,1458,,,,,,,,,,,,,,,
16/07/2025,Gurabh,1729,,,,,,,,,,,,,,,
16/07/2025,Bhugtal,1779,,,,,,,,,,,,,,,
16/07/2025,Pira,1859,,,,,,,,,,,,,,,
16/07/2025,Dhok Hum,1705,,,,,,,,,,,,,,,
16/07/2025,U-Lakhwal,1451,,,,,,,,,,,,,,,
17/07/2025,Dharabi,1599.5,,,,,,,,,,,,,,,
17/07/2025,Mial,1429,,,,,,,,,,,,,,,
17/07/2025,Dhurnal,1459.5,,,,,,,,,,,,,,,
17/07/2025,Gurabh,1730,,,,,,,,,,,,,,,
17/07/2025,Bhugtal,1779.8,,,,,,,,,,,,,,,
17/07/2025,Pira,1859,,,,,,,,,,,,,,,
17/07/2025,Dhok Hum,1705.3,,,,,,,,,,,,,,,
17/07/2025,U-Lakhwal,1471.5,,,,,,,,,,,,,,,
18/07/2025,Dharabi,1600,,,,,,,,,,,,,,,
18/07/2025,Mial,1429,,,,,,,,,,,,,,,
18/07/2025,Dhurnal,1459.5,,,,,,,,,,,,,,,
18/07/2025,Gurabh,1731.5,,,,,,,,,,,,,,,
18/07/2025,Bhugtal,1780,,,,,,,,,,,,,,,
18/07/2025,Pira,1859.6,,,,,,,,,,,,,,,
18/07/2025,Dhok Hum,1705.3,,,,,,,,,,,,,,,
18/07/2025,U-Lakhwal,1471,,,,,,,,,,,,,,,
19/07/2025,Dharabi,1600,,,,,,,,,,,,,,,
19/07/2025,Mial,1429,,,,,,,,,,,,,,,
19/07/2025,Dhurnal,1459.5,,,,,,,,,,,,,,,
19/07/2025,Gurabh,1732,,,,,,,,,,,,,,,
19/07/2025,Bhugtal,1780.2,,,,,,,,,,,,,,,
19/07/2025,Pira,1859.6,,,,,,,,,,,,,,,
19/07/2025,Dhok Hum,1705.3,,,,,,,,,,,,,,,
19/07/2025,U-Lakhwal,1471,,,,,,,,,,,,,,,
20/07/2025,Dharabi,1600,,,,,,,,,,,,,,,
20/07/2025,Mial,1429,,,,,,,,,,,,,,,
20/07/2025,Dhurnal,1459.5,,,,,,,,,,,,,,,
20/07/2025,Gurabh,1732,,,,,,,,,,,,,,,
20/07/2025,Bhugtal,1780.3,,,,,,,,,,,,,,,
20/07/2025,Pira,1859.6,,,,,,,,,,,,,,,
20/07/2025,Dhok Hum,1705.3,,,,,,,,,,,,,,,
20/07/2025,U-Lakhwal,1471,,,,,,,,,,,,,,,
21/07/2025,Dharabi,1600,,,,,,,,,,,,,,,
21/07/2025,Mial,1429,,,,,,,,,,,,,,,
21/07/2025,Dhurnal,1459.5,,,,,,,,,,,,,,,
21/07/2025,Gurabh,1732,,,,,,,,,,,,,,,
21/07/2025,Bhugtal,1780.3,,,,,,,,,,,,,,,
21/07/2025,Pira,1859.6,,,,,,,,,,,,,,,
21/07/2025,Dhok Hum,1705.3,,,,,,,,,,,,,,,
21/07/2025,U-Lakhwal,1471,,,,,,,,,,,,,,,
22/07/2025,Dharabi,1600,,,,,,,,,,,,,,,
22/07/2025,Mial,1429,,,,,,,,,,,,,,,
22/07/2025,Dhurnal,1459.5,,,,,,,,,,,,,,,
22/07/2025,Gurabh,1732,,,,,,,,,,,,,,,
22/07/2025,Bhugtal,1780.3,,,,,,,,,,,,,,,
22/07/2025,Pira,1859.6,,,,,,,,,,,,,,,
22/07/2025,Dhok Hum,1705.3,,,,,,,,,,,,,,,
22/07/2025,U-Lakhwal,1470.9,,,,,,,,,,,,,,,
23/07/2025,Dharabi,1600,,,,,,,,,,,,,,,
23/07/2025,Mial,1429,,,,,,,,,,,,,,,
23/07/2025,Dhurnal,1459.5,,,,,,,,,,,,,,,
23/07/2025,Gurabh,1732,,,,,,,,,,,,,,,
23/07/2025,Bhugtal,1780.3,,,,,,,,,,,,,,,
23/07/2025,Pira,1859.6,,,,,,,,,,,,,,,
23/07/2025,Dhok Hum,1705.3,,,,,,,,,,,,,,,
23/07/2025,U-Lakhwal,1470.9,,,,,,,,,,,,,,,
24/07/2025,Dharabi,1600,,,,,,,,,,,,,,,
24/07/2025,Mial,1429,,,,,,,,,,,,,,,
24/07/2025,Dhurnal,1459.5,,,,,,,,,,,,,,,
24/07/2025,Gurabh,1732,,,,,,,,,,,,,,,
24/07/2025,Bhugtal,1780.8,,,,,,,,,,,,,,,
24/07/2025,Pira,1859.6,,,,,,,,,,,,,,,
24/07/2025,Dhok Hum,1705.5,,,,,,,,,,,,,,,
24/07/2025,U-Lakhwal,1470.8,,,,,,,,,,,,,,,
25/07/2025,Dharabi,1600.5,,,,,,,,,,,,,,,
25/07/2025,Mial,1429.5,,,,,,,,,,,,,,,
25/07/2025,Dhurnal,1459.5,,,,,,,,,,,,,,,
25/07/2025,Gurabh,1732,,,,,,,,,,,,,,,
25/07/2025,Bhugtal,1781.3,,,,,,,,,,,,,,,
25/07/2025,Pira,1859.6,,,,,,,,,,,,,,,
25/07/2025,Dhok Hum,1705.9,,,,,,,,,,,,,,,
25/07/2025,U-Lakhwal,1470.6,,,,,,,,,,,,,,,
26/07/2025,Dharabi,1600.5,,,,,,,,,,,,,,,
26/07/2025,Mial,1429.5,,,,,,,,,,,,,,,
26/07/2025,Dhurnal,1459.5,,,,,,,,,,,,,,,
26/07/2025,Gurabh,1732,,,,,,,,,,,,,,,
26/07/2025,Bhugtal,1781.3,,,,,,,,,,,,,,,
26/07/2025,Pira,1859.6,,,,,,,,,,,,,,,
26/07/2025,Dhok Hum,1706.4,,,,,,,,,,,,,,,
26/07/2025,U-Lakhwal,1470.5,,,,,,,,,,,,,,,
27/07/2025,Dharabi,1600.5,,,,,,,,,,,,,,,
27/07/2025,U-Lakhwal,1471.5,,,,,,,,,,,,,,,
28/07/2025,Dharabi,1600.5,,,,,,,,,,,,,,,
28/07/2025,Mial,1429.5,,,,,,,,,,,,,,,
28/07/2025,Dhurnal,1459.5,,,,,,,,,,,,,,,
28/07/2025,Gurabh,1732,,,,,,,,,,,,,,,
28/07/2025,Bhugtal,1781.3,,,,,,,,,,,,,,,
28/07/2025,Pira,1859.6,,,,,,,,,,,,,,,
28/07/2025,Dhok Hum,1706.4,,,,,,,,,,,,,,,
28/07/2025,U-Lakhwal,1470.5,,,,,,,,,,,,,,,
29/07/2025,Dharabi,1600.5,,,,,,,,,,,,,,,
29/07/2025,Mial,1429.5,,,,,,,,,,,,,,,
29/07/2025,Dhurnal,1459.5,,,,,,,,,,,,,,,
29/07/2025,Gurabh,1732,,,,,,,,,,,,,,,
29/07/2025,Bhugtal,1781.3,,,,,,,,,,,,,,,
29/07/2025,Pira,1859.6,,,,,,,,,,,,,,,
29/07/2025,Dhok Hum,1706.4,,,,,,,,,,,,,,,
29/07/2025,U-Lakhwal,1470.5,,,,,,,,,,,,,,,
30/07/2025,Dharabi,1600.5,,,,,,,,,,,,,,,
30/07/2025,Mial,1429.5,,,,,,,,,,,,,,,
30/07/2025,Dhurnal,1459.5,,,,,,,,,,,,,,,
30/07/2025,Gurabh,1732,,,,,,,,,,,,,,,
30/07/2025,Bhugtal,1781.3,,,,,,,,,,,,,,,
30/07/2025,Pira,1859.6,,,,,,,,,,,,,,,
30/07/2025,Dhok Hum,1706.4,,,,,,,,,,,,,,,
30/07/2025,U-Lakhwal,1470.3,,,,,,,,,,,,,,,
31/07/2025,Dharabi,1600.5,,,,,,,,,,,,,,,
31/07/2025,Mial,1429.5,,,,,,,,,,,,,,,
31/07/2025,Dhurnal,1459.5,,,,,,,,,,,,,,,
31/07/2025,Gurabh,1732,,,,,,,,,,,,,,,
31/07/2025,Bhugtal,1782,,,,,,,,,,,,,,,
31/07/2025,Pira,1860,,,,,,,,,,,,,,,
31/07/2025,Dhok Hum,1706.7,,,,,,,,,,,,,,,
31/07/2025,U-Lakhwal,1470.2,,,,,,,,,,,,,,,
1/8/2025,Dharabi,1600.5,,,,,,,,,,,,,,,
1/8/2025,Mial,1429.5,,,,,,,,,,,,,,,
1/8/2025,Dhurnal,1459.5,,,,,,,,,,,,,,,
1/8/2025,Gurabh,1732,,,,,,,,,,,,,,,
1/8/2025,Bhugtal,1782,,,,,,,,,,,,,,,
1/8/2025,Pira,1860,,,,,,,,,,,,,,,
1/8/2025,Dhok Hum,1706.7,,,,,,,,,,,,,,,
1/8/2025,U-Lakhwal,1470.1,,,,,,,,,,,,,,,
2/8/2025,Dharabi,1600.5,,,,,,,,,,,,,,,
2/8/2025,Mial,1429.5,,,,,,,,,,,,,,,
2/8/2025,Dhurnal,1459.5,,,,,,,,,,,,,,,
2/8/2025,Gurabh,1732,,,,,,,,,,,,,,,
2/8/2025,Bhugtal,1782,,,,,,,,,,,,,,,
2/8/2025,Pira,1860,,,,,,,,,,,,,,,
2/8/2025,Dhok Hum,1706.7,,,,,,,,,,,,,,,
2/8/2025,U-Lakhwal,1470.1,,,,,,,,,,,,,,,
3/8/2025,Dharabi,1600.5,,,,,,,,,,,,,,,
3/8/2025,Mial,1429.5,,,,,,,,,,,,,,,
3/8/2025,Dhurnal,1459.5,,,,,,,,,,,,,,,
3/8/2025,Gurabh,1732,,,,,,,,,,,,,,,
3/8/2025,Bhugtal,1782,,,,,,,,,,,,,,,
3/8/2025,Pira,1860,,,,,,,,,,,,,,,
3/8/2025,Dhok Hum,1706.7,,,,,,,,,,,,,,,
3/8/2025,U-Lakhwal,1470.1,,,,,,,,,,,,,,,
4/8/2025,Dharabi,1600.5,,,,,,,,,,,,,,,
4/8/2025,Mial,1429.5,,,,,,,,,,,,,,,
4/8/2025,Dhurnal,1459.5,,,,,,,,,,,,,,,
4/8/2025,Gurabh,1732,,,,,,,,,,,,,,,
4/8/2025,Bhugtal,1782,,,,,,,,,,,,,,,
4/8/2025,Pira,1860,,,,,,,,,,,,,,,
4/8/2025,Dhok Hum,1706.7,,,,,,,,,,,,,,,
4/8/2025,U-Lakhwal,1470.1,,,,,,,,,,,,,,,
5/8/2025,Dharabi,1600.5,,,,,,,,,,,,,,,
5/8/2025,Mial,1429.5,,,,,,,,,,,,,,,
5/8/2025,Dhurnal,1459.5,,,,,,,,,,,,,,,
5/8/2025,Gurabh,1732,,,,,,,,,,,,,,,
5/8/2025,Bhugtal,1782,,,,,,,,,,,,,,,
5/8/2025,Pira,1860,,,,,,,,,,,,,,,
5/8/2025,Dhok Hum,1706.7,,,,,,,,,,,,,,,
5/8/2025,U-Lakhwal,1470,,,,,,,,,,,,,,,
6/8/2025,Dharabi,1600.5,,,,,,,,,,,,,,,
6/8/2025,Mial,1429.5,,,,,,,,,,,,,,,
6/8/2025,Dhurnal,1459.5,,,,,,,,,,,,,,,
6/8/2025,Gurabh,1732,,,,,,,,,,,,,,,
6/8/2025,Bhugtal,1782,,,,,,,,,,,,,,,
6/8/2025,Pira,1860,,,,,,,,,,,,,,,
6/8/2025,Dhok Hum,1706.7,,,,,,,,,,,,,,,
6/8/2025,U-Lakhwal,1470,,,,,,,,,,,,,,,
7/8/2025,Dharabi,1600.5,,,,,,,,,,,,,,,
7/8/2025,Mial,1429.5,,,,,,,,,,,,,,,
7/8/2025,Dhurnal,1459.5,,,,,,,,,,,,,,,
7/8/2025,Gurabh,1732,,,,,,,,,,,,,,,
7/8/2025,Bhugtal,1782,,,,,,,,,,,,,,,
7/8/2025,Pira,1860,,,,,,,,,,,,,,,
7/8/2025,Dhok Hum,1706.7,,,,,,,,,,,,,,,
7/8/2025,U-Lakhwal,1470,,,,,,,,,,,,,,,
8/8/2025,Dharabi,1600.5,,,,,,,,,,,,,,,
8/8/2025,Mial,1429.5,,,,,,,,,,,,,,,
8/8/2025,Dhurnal,1459.5,,,,,,,,,,,,,,,
8/8/2025,Gurabh,1732,,,,,,,,,,,,,,,
8/8/2025,Bhugtal,1782,,,,,,,,,,,,,,,
8/8/2025,Pira,1860,,,,,,,,,,,,,,,
8/8/2025,Dhok Hum,1706.7,,,,,,,,,,,,,,,
8/8/2025,U-Lakhwal,1470,,,,,,,,,,,,,,,
9/8/2025,Dharabi,1600.5,,,,,,,,,,,,,,,
9/8/2025,Mial,1429.5,,,,,,,,,,,,,,,
9/8/2025,Dhurnal,1459.5,,,,,,,,,,,,,,,
9/8/2025,Gurabh,1732,,,,,,,,,,,,,,,
9/8/2025,Bhugtal,1782,,,,,,,,,,,,,,,
9/8/2025,Pira,1860,,,,,,,,,,,,,,,
9/8/2025,Dhok Hum,1706.7,,,,,,,,,,,,,,,
9/8/2025,U-Lakhwal,1470,,,,,,,,,,,,,,,
10/8/2025,Dharabi,1600.7,,,,,,,,,,,,,,,
10/8/2025,Mial,1429.5,,,,,,,,,,,,,,,
10/8/2025,Dhurnal,1459.5,,,,,,,,,,,,,,,
10/8/2025,Gurabh,1732,,,,,,,,,,,,,,,
10/8/2025,Bhugtal,1782,,,,,,,,,,,,,,,
10/8/2025,Pira,1860,,,,,,,,,,,,,,,
10/8/2025,Dhok Hum,1706.7,,,,,,,,,,,,,,,
10/8/2025,U-Lakhwal,1470,,,,,,,,,,,,,,,
11/8/2025,Dharabi,1600.7,,,,,,,,,,,,,,,
11/8/2025,Mial,1429.5,,,,,,,,,,,,,,,
11/8/2025,Dhurnal,1459.5,,,,,,,,,,,,,,,
11/8/2025,Gurabh,1732,,,,,,,,,,,,,,,
11/8/2025,Bhugtal,1782,,,,,,,,,,,,,,,
11/8/2025,Pira,1860,,,,,,,,,,,,,,,
11/8/2025,Dhok Hum,1706.7,,,,,,,,,,,,,,,
11/8/2025,U-Lakhwal,1470,,,,,,,,,,,,,,,
12/8/2025,Dharabi,1601,,,,,,,,,,,,,,,
12/8/2025,Mial,1429.5,,,,,,,,,,,,,,,
12/8/2025,Dhurnal,1459.5,,,,,,,,,,,,,,,
12/8/2025,Gurabh,1732,,,,,,,,,,,,,,,
12/8/2025,Bhugtal,1782,,,,,,,,,,,,,,,
12/8/2025,Pira,1860,,,,,,,,,,,,,,,
12/8/2025,Dhok Hum,1706.7,,,,,,,,,,,,,,,
12/8/2025,U-Lakhwal,1470,,,,,,,,,,,,,,,
13/08/2025,Dharabi,1601,,,,,,,,,,,,,,,
13/08/2025,Mial,1429.5,,,,,,,,,,,,,,,
13/08/2025,Dhurnal,1459.5,,,,,,,,,,,,,,,
13/08/2025,Gurabh,1732,,,,,,,,,,,,,,,
13/08/2025,Bhugtal,1782,,,,,,,,,,,,,,,
13/08/2025,Pira,1860,,,,,,,,,,,,,,,
13/08/2025,Dhok Hum,1706.7,,,,,,,,,,,,,,,
13/08/2025,U-Lakhwal,1470,,,,,,,,,,,,,,,
14/08/2025,Dharabi,1601,,,,,,,,,,,,,,,
14/08/2025,Mial,1429.5,,,,,,,,,,,,,,,
14/08/2025,Dhurnal,1459.5,,,,,,,,,,,,,,,
14/08/2025,Gurabh,1732,,,,,,,,,,,,,,,
14/08/2025,Bhugtal,1782,,,,,,,,,,,,,,,
14/08/2025,Pira,1860,,,,,,,,,,,,,,,
14/08/2025,Dhok Hum,1706.7,,,,,,,,,,,,,,,
14/08/2025,U-Lakhwal,1470,,,,,,,,,,,,,,,
15/08/2025,Dharabi,1601,,,,,,,,,,,,,,,
15/08/2025,Mial,1429.5,,,,,,,,,,,,,,,
15/08/2025,Dhurnal,1459.5,,,,,,,,,,,,,,,
15/08/2025,Gurabh,1732,,,,,,,,,,,,,,,
15/08/2025,Bhugtal,1782,,,,,,,,,,,,,,,
15/08/2025,Pira,1860,,,,,,,,,,,,,,,
15/08/2025,Dhok Hum,1706.7,,,,,,,,,,,,,,,
15/08/2025,U-Lakhwal,1470,,,,,,,,,,,,,,,
16/08/2025,Dharabi,1601,,,,,,,,,,,,,,,
16/08/2025,Mial,1429.5,,,,,,,,,,,,,,,
16/08/2025,Dhurnal,1459.5,,,,,,,,,,,,,,,
16/08/2025,Gurabh,1732,,,,,,,,,,,,,,,
16/08/2025,Bhugtal,1782,,,,,,,,,,,,,,,
16/08/2025,Pira,1860,,,,,,,,,,,,,,,
16/08/2025,Dhok Hum,1706.7,,,,,,,,,,,,,,,
16/08/2025,U-Lakhwal,1470,,,,,,,,,,,,,,,
17/08/2025,Dharabi,1601,,,,,,,,,,,,,,,
17/08/2025,Mial,1429.5,,,,,,,,,,,,,,,
17/08/2025,Dhurnal,1459.5,,,,,,,,,,,,,,,
17/08/2025,Gurabh,1732,,,,,,,,,,,,,,,
17/08/2025,Bhugtal,1782,,,,,,,,,,,,,,,
17/08/2025,Pira,1860,,,,,,,,,,,,,,,
17/08/2025,Dhok Hum,1706.7,,,,,,,,,,,,,,,
17/08/2025,U-Lakhwal,1470,,,,,,,,,,,,,,,
18/08/2025,Dharabi,1601,,,,,,,,,,,,,,,
18/08/2025,Mial,1429.5,,,,,,,,,,,,,,,
18/08/2025,Dhurnal,1459.5,,,,,,,,,,,,,,,
18/08/2025,Gurabh,1732,,,,,,,,,,,,,,,
18/08/2025,Bhugtal,1782,,,,,,,,,,,,,,,
18/08/2025,Pira,1860,,,,,,,,,,,,,,,
18/08/2025,Dhok Hum,1706.7,,,,,,,,,,,,,,,
18/08/2025,U-Lakhwal,1470,,,,,,,,,,,,,,,
19/08/2025,Dharabi,1602,,,,,,,,,,,,,,,
19/08/2025,Mial,1430.2,,,,,,,,,,,,,,,
19/08/2025,Dhurnal,1459.5,,,,,,,,,,,,,,,
19/08/2025,Gurabh,1733,,,,,,,,,,,,,,,
19/08/2025,Bhugtal,1783,,,,,,,,,,,,,,,
19/08/2025,Pira,1860.5,,,,,,,,,,,,,,,
19/08/2025,Dhok Hum,1706.8,,,,,,,,,,,,,,,
19/08/2025,U-Lakhwal,1470.4,,,,,,,,,,,,,,,
20/08/2025,Dharabi,1602.2,,,,,,,,,,,,,,,
20/08/2025,Mial,1430.2,,,,,,,,,,,,,,,
20/08/2025,Dhurnal,1459.5,,,,,,,,,,,,,,,
20/08/2025,Gurabh,1736,,,,,,,,,,,,,,,
20/08/2025,Bhugtal,1783,,,,,,,,,,,,,,,
20/08/2025,Pira,1860.5,,,,,,,,,,,,,,,
20/08/2025,Dhok Hum,1706.8,,,,,,,,,,,,,,,
20/08/2025,U-Lakhwal,1470.5,,,,,,,,,,,,,,,
21/08/2025,Dharabi,1601.9,,,,,,,,,,,,,,,
21/08/2025,Mial,1430.2,,,,,,,,,,,,,,,
21/08/2025,Dhurnal,1459.5,,,,,,,,,,,,,,,
21/08/2025,Gurabh,1736.5,,,,,,,,,,,,,,,
21/08/2025,Bhugtal,1783,,,,,,,,,,,,,,,
21/08/2025,Pira,1860.5,,,,,,,,,,,,,,,
21/08/2025,Dhok Hum,1706.8,,,,,,,,,,,,,,,
21/08/2025,U-Lakhwal,1470.5,,,,,,,,,,,,,,,
22/08/2025,Dharabi,1601.9,,,,,,,,,,,,,,,
22/08/2025,Mial,1430.2,,,,,,,,,,,,,,,
22/08/2025,Dhurnal,1459.5,,,,,,,,,,,,,,,
22/08/2025,Gurabh,1736.7,,,,,,,,,,,,,,,
22/08/2025,Bhugtal,1783,,,,,,,,,,,,,,,
22/08/2025,Pira,1860.5,,,,,,,,,,,,,,,
22/08/2025,Dhok Hum,1707.5,,,,,,,,,,,,,,,
22/08/2025,U-Lakhwal,1470.5,,,,,,,,,,,,,,,
23/08/2025,Dharabi,1601.9,,,,,,,,,,,,,,,
23/08/2025,Mial,1430.2,,,,,,,,,,,,,,,
23/08/2025,Dhurnal,1459.5,,,,,,,,,,,,,,,
23/08/2025,Gurabh,1736.7,,,,,,,,,,,,,,,
23/08/2025,Bhugtal,1783,,,,,,,,,,,,,,,
23/08/2025,Pira,1860.5,,,,,,,,,,,,,,,
23/08/2025,Dhok Hum,1707.5,,,,,,,,,,,,,,,
23/08/2025,U-Lakhwal,1470.5,,,,,,,,,,,,,,,
24/08/2025,Dharabi,1601.9,,,,,,,,,,,,,,,
24/08/2025,Mial,1430.2,,,,,,,,,,,,,,,
24/08/2025,Dhurnal,1459.5,,,,,,,,,,,,,,,
24/08/2025,Gurabh,1737,,,,,,,,,,,,,,,
24/08/2025,Bhugtal,1783,,,,,,,,,,,,,,,
24/08/2025,Pira,1860.5,,,,,,,,,,,,,,,
24/08/2025,Dhok Hum,1707.5,,,,,,,,,,,,,,,
24/08/2025,U-Lakhwal,1470.5,,,,,,,,,,,,,,,
25/08/2025,Dharabi,1601.8,,,,,,,,,,,,,,,
25/08/2025,Mial,1430.2,,,,,,,,,,,,,,,
25/08/2025,Dhurnal,1459.5,,,,,,,,,,,,,,,
25/08/2025,Gurabh,1737.5,,,,,,,,,,,,,,,
25/08/2025,Bhugtal,1783,,,,,,,,,,,,,,,
25/08/2025,Pira,1860.9,,,,,,,,,,,,,,,
25/08/2025,Dhok Hum,1708,,,,,,,,,,,,,,,
25/08/2025,U-Lakhwal,1470.5,,,,,,,,,,,,,,,
26/08/2025,Dharabi,1601.7,,,,,,,,,,,,,,,
26/08/2025,Mial,1430.2,,,,,,,,,,,,,,,
26/08/2025,Dhurnal,1459.5,,,,,,,,,,,,,,,
26/08/2025,Gurabh,1739.5,,,,,,,,,,,,,,,
26/08/2025,Bhugtal,1783,,,,,,,,,,,,,,,
26/08/2025,Pira,1860.9,,,,,,,,,,,,,,,
26/08/2025,Dhok Hum,1708.5,,,,,,,,,,,,,,,
26/08/2025,U-Lakhwal,1470.4,,,,,,,,,,,,,,,
27/08/2025,Dharabi,1601.6,,,,,,,,,,,,,,,
27/08/2025,Mial,1430.2,,,,,,,,,,,,,,,
27/08/2025,Dhurnal,1459.5,,,,,,,,,,,,,,,
27/08/2025,Gurabh,1739.5,,,,,,,,,,,,,,,
27/08/2025,Bhugtal,1783,,,,,,,,,,,,,,,
27/08/2025,Pira,1860.9,,,,,,,,,,,,,,,
27/08/2025,Dhok Hum,1708.5,,,,,,,,,,,,,,,
27/08/2025,U-Lakhwal,1470.3,,,,,,,,,,,,,,,
28/08/2025,Dharabi,1601.9,,,,,,,,,,,,,,,
28/08/2025,Mial,1430.2,,,,,,,,,,,,,,,
28/08/2025,Dhurnal,1459.5,,,,,,,,,,,,,,,
28/08/2025,Gurabh,1739.5,,,,,,,,,,,,,,,
28/08/2025,Bhugtal,1783,,,,,,,,,,,,,,,
28/08/2025,Pira,1860.9,,,,,,,,,,,,,,,
28/08/2025,Dhok Hum,1708.5,,,,,,,,,,,,,,,
28/08/2025,U-Lakhwal,1470.3,,,,,,,,,,,,,,,
29/08/2025,Dharabi,1601.9,,,,,,,,,,,,,,,
29/08/2025,Mial,1430.2,,,,,,,,,,,,,,,
29/08/2025,Dhurnal,1459.5,,,,,,,,,,,,,,,
29/08/2025,Gurabh,1739.5,,,,,,,,,,,,,,,
29/08/2025,Bhugtal,1783,,,,,,,,,,,,,,,
29/08/2025,Pira,1860.9,,,,,,,,,,,,,,,
29/08/2025,Dhok Hum,1708.5,,,,,,,,,,,,,,,
29/08/2025,U-Lakhwal,1470.2,,,,,,,,,,,,,,,
30/08/2025,Dharabi,1601.9,,,,,,,,,,,,,,,
30/08/2025,Mial,1430.2,,,,,,,,,,,,,,,
30/08/2025,Dhurnal,1459.5,,,,,,,,,,,,,,,
30/08/2025,Gurabh,1739.5,,,,,,,,,,,,,,,
30/08/2025,Bhugtal,1783,,,,,,,,,,,,,,,
30/08/2025,Pira,1860.9,,,,,,,,,,,,,,,
30/08/2025,Dhok Hum,1708.5,,,,,,,,,,,,,,,
30/08/2025,U-Lakhwal,1470.2,,,,,,,,,,,,,,,
31/08/2025,Dharabi,1601.9,,,,,,,,,,,,,,,
31/08/2025,Mial,1430.2,,,,,,,,,,,,,,,
31/08/2025,Dhurnal,1459.5,,,,,,,,,,,,,,,
31/08/2025,Gurabh,1739.5,,,,,,,,,,,,,,,
31/08/2025,Bhugtal,1783,,,,,,,,,,,,,,,
31/08/2025,Pira,1860.9,,,,,,,,,,,,,,,
31/08/2025,Dhok Hum,1708.5,,,,,,,,,,,,,,,
31/08/2025,U-Lakhwal,1470.2,,,,,,,,,,,,,,,
1/9/2025,Dharabi,1601.9,,,,,,,,,,,,,,,
1/9/2025,Mial,1430.2,,,,,,,,,,,,,,,
1/9/2025,Dhurnal,1459.5,,,,,,,,,,,,,,,
1/9/2025,Gurabh,1739.5,,,,,,,,,,,,,,,
1/9/2025,Bhugtal,1783,,,,,,,,,,,,,,,
1/9/2025,Pira,1860.9,,,,,,,,,,,,,,,
1/9/2025,Dhok Hum,1708.5,,,,,,,,,,,,,,,
1/9/2025,U-Lakhwal,1470.2,,,,,,,,,,,,,,,
2/9/2025,Dharabi,1601.7,,,,,,,,,,,,,,,
2/9/2025,Mial,1430.2,,,,,,,,,,,,,,,
2/9/2025,Dhurnal,1459.5,,,,,,,,,,,,,,,
2/9/2025,Gurabh,1739.5,,,,,,,,,,,,,,,
2/9/2025,Bhugtal,1783,,,,,,,,,,,,,,,
2/9/2025,Pira,1860.9,,,,,,,,,,,,,,,
2/9/2025,Dhok Hum,1708.5,,,,,,,,,,,,,,,
2/9/2025,U-Lakhwal,1470.1,,,,,,,,,,,,,,,
3/9/2025,Dharabi,1601.6,,,,,,,,,,,,,,,
3/9/2025,Mial,1430.2,,,,,,,,,,,,,,,
3/9/2025,Dhurnal,1459.5,,,,,,,,,,,,,,,
3/9/2025,Gurabh,1739.5,,,,,,,,,,,,,,,
3/9/2025,Bhugtal,1783,,,,,,,,,,,,,,,
3/9/2025,Pira,1860.9,,,,,,,,,,,,,,,
3/9/2025,Dhok Hum,1708.5,,,,,,,,,,,,,,,
3/9/2025,U-Lakhwal,1470,,,,,,,,,,,,,,,
4/9/2025,Dharabi,1601.6,,,,,,,,,,,,,,,
4/9/2025,Mial,1430.2,,,,,,,,,,,,,,,
4/9/2025,Dhurnal,1459.5,,,,,,,,,,,,,,,
4/9/2025,Gurabh,1739.5,,,,,,,,,,,,,,,
4/9/2025,Bhugtal,1783,,,,,,,,,,,,,,,
4/9/2025,Pira,1860.9,,,,,,,,,,,,,,,
4/9/2025,Dhok Hum,1708.5,,,,,,,,,,,,,,,
4/9/2025,U-Lakhwal,1470,,,,,,,,,,,,,,,
5/9/2025,Dharabi,1601.5,,,,,,,,,,,,,,,
5/9/2025,Mial,1430.2,,,,,,,,,,,,,,,
5/9/2025,Dhurnal,1459.5,,,,,,,,,,,,,,,
5/9/2025,Gurabh,1739.5,,,,,,,,,,,,,,,
5/9/2025,Bhugtal,1783,,,,,,,,,,,,,,,
5/9/2025,Pira,1860.9,,,,,,,,,,,,,,,
5/9/2025,Dhok Hum,1708.5,,,,,,,,,,,,,,,
5/9/2025,U-Lakhwal,1470,,,,,,,,,,,,,,,
6/9/2025,Dharabi,1601.5,,,,,,,,,,,,,,,
6/9/2025,Mial,1430.2,,,,,,,,,,,,,,,
6/9/2025,Dhurnal,1459.5,,,,,,,,,,,,,,,
6/9/2025,Gurabh,1739.5,,,,,,,,,,,,,,,
6/9/2025,Bhugtal,1783,,,,,,,,,,,,,,,
6/9/2025,Pira,1860.9,,,,,,,,,,,,,,,
6/9/2025,Dhok Hum,1708.5,,,,,,,,,,,,,,,
6/9/2025,U-Lakhwal,1470,,,,,,,,,,,,,,,
7/9/2025,Dharabi,1601.3,,,,,,,,,,,,,,,
7/9/2025,Mial,1430.2,,,,,,,,,,,,,,,
7/9/2025,Dhurnal,1459.5,,,,,,,,,,,,,,,
7/9/2025,Gurabh,1739.5,,,,,,,,,,,,,,,
7/9/2025,Bhugtal,1783,,,,,,,,,,,,,,,
7/9/2025,Pira,1860.9,,,,,,,,,,,,,,,
7/9/2025,Dhok Hum,1708.5,,,,,,,,,,,,,,,
7/9/2025,U-Lakhwal,1470,,,,,,,,,,,,,,,
8/9/2025,Dharabi,1602,,,,,,,,,,,,,,,
8/9/2025,Mial,1430.2,,,,,,,,,,,,,,,
8/9/2025,Dhurnal,1459.5,,,,,,,,,,,,,,,
8/9/2025,Gurabh,1739.5,,,,,,,,,,,,,,,
8/9/2025,Bhugtal,1783,,,,,,,,,,,,,,,
8/9/2025,Pira,1860.9,,,,,,,,,,,,,,,
8/9/2025,Dhok Hum,1708.5,,,,,,,,,,,,,,,
8/9/2025,U-Lakhwal,1470.1,,,,,,,,,,,,,,,
9/9/2025,Dharabi,1602,,,,,,,,,,,,,,,
9/9/2025,Mial,1430.2,,,,,,,,,,,,,,,
9/9/2025,Dhurnal,1459.5,,,,,,,,,,,,,,,
9/9/2025,Gurabh,1739.5,,,,,,,,,,,,,,,
9/9/2025,Bhugtal,1783,,,,,,,,,,,,,,,
9/9/2025,Pira,1860.9,,,,,,,,,,,,,,,
9/9/2025,Dhok Hum,1708.5,,,,,,,,,,,,,,,
9/9/2025,U-Lakhwal,1470.1,,,,,,,,,,,,,,,
10/9/2025,Dharabi,1602,,,,,,,,,,,,,,,
10/9/2025,Mial,1430.2,,,,,,,,,,,,,,,
10/9/2025,Dhurnal,1459.5,,,,,,,,,,,,,,,
10/9/2025,Gurabh,1739.5,,,,,,,,,,,,,,,
10/9/2025,Bhugtal,1783,,,,,,,,,,,,,,,
10/9/2025,Pira,1860.9,,,,,,,,,,,,,,,
10/9/2025,Dhok Hum,1708.5,,,,,,,,,,,,,,,
10/9/2025,U-Lakhwal,1470.1,,,,,,,,,,,,,,,
11/9/2025,Dharabi,1601.9,,,,,,,,,,,,,,,
11/9/2025,Mial,1430.2,,,,,,,,,,,,,,,
11/9/2025,Dhurnal,1459.5,,,,,,,,,,,,,,,
11/9/2025,Gurabh,1739.5,,,,,,,,,,,,,,,
11/9/2025,Bhugtal,1783,,,,,,,,,,,,,,,
11/9/2025,Pira,1860.9,,,,,,,,,,,,,,,
11/9/2025,Dhok Hum,1708.5,,,,,,,,,,,,,,,
11/9/2025,U-Lakhwal,1470,,,,,,,,,,,,,,,
12/9/2025,Dharabi,1601.9,,,,,,,,,,,,,,,
12/9/2025,Mial,1430.2,,,,,,,,,,,,,,,
12/9/2025,Dhurnal,1459.5,,,,,,,,,,,,,,,
12/9/2025,Gurabh,1739.5,,,,,,,,,,,,,,,
12/9/2025,Bhugtal,1783,,,,,,,,,,,,,,,
12/9/2025,Pira,1860.9,,,,,,,,,,,,,,,
12/9/2025,Dhok Hum,1708.5,,,,,,,,,,,,,,,
12/9/2025,U-Lakhwal,1470,,,,,,,,,,,,,,,
13/09/2025,Dharabi,1601.9,,,,,,,,,,,,,,,
13/09/2025,Mial,1430.2,,,,,,,,,,,,,,,
13/09/2025,Dhurnal,1459.5,,,,,,,,,,,,,,,
13/09/2025,Gurabh,1739.5,,,,,,,,,,,,,,,
13/09/2025,Bhugtal,1783,,,,,,,,,,,,,,,
13/09/2025,Pira,1860.9,,,,,,,,,,,,,,,
13/09/2025,Dhok Hum,1708.5,,,,,,,,,,,,,,,
13/09/2025,U-Lakhwal,1470,,,,,,,,,,,,,,,
14/09/2025,Dharabi,1601.6,,,,,,,,,,,,,,,
14/09/2025,Mial,1430.2,,,,,,,,,,,,,,,
14/09/2025,Dhurnal,1459.5,,,,,,,,,,,,,,,
14/09/2025,Gurabh,1739.5,,,,,,,,,,,,,,,
14/09/2025,Bhugtal,1783,,,,,,,,,,,,,,,
14/09/2025,Pira,1860.9,,,,,,,,,,,,,,,
14/09/2025,Dhok Hum,1708.5,,,,,,,,,,,,,,,
14/09/2025,U-Lakhwal,1470,,,,,,,,,,,,,,,
15/09/2025,Dharabi,1601.6,,,,,,,,,,,,,,,
15/09/2025,Mial,1430.2,,,,,,,,,,,,,,,
15/09/2025,Dhurnal,1459.5,,,,,,,,,,,,,,,
15/09/2025,Gurabh,1739.5,,,,,,,,,,,,,,,
15/09/2025,Bhugtal,1783,,,,,,,,,,,,,,,
15/09/2025,Pira,1860.9,,,,,,,,,,,,,,,
15/09/2025,Dhok Hum,1708.5,,,,,,,,,,,,,,,
15/09/2025,U-Lakhwal,1470,,,,,,,,,,,,,,,
16/09/2025,Dharabi,1601.6,,,,,,,,,,,,,,,
16/09/2025,Mial,1430.2,,,,,,,,,,,,,,,
16/09/2025,Dhurnal,1459.5,,,,,,,,,,,,,,,
16/09/2025,Gurabh,1739.5,,,,,,,,,,,,,,,
16/09/2025,Bhugtal,1783,,,,,,,,,,,,,,,
16/09/2025,Pira,1860.9,,,,,,,,,,,,,,,
16/09/2025,Dhok Hum,1708.5,,,,,,,,,,,,,,,
16/09/2025,U-Lakhwal,1470,,,,,,,,,,,,,,,
17/09/2025,Dharabi,1601.5,,,,,,,,,,,,,,,
17/09/2025,Mial,1430.2,,,,,,,,,,,,,,,
17/09/2025,Dhurnal,1459.5,,,,,,,,,,,,,,,
17/09/2025,Gurabh,1739.5,,,,,,,,,,,,,,,
17/09/2025,Bhugtal,1783,,,,,,,,,,,,,,,
17/09/2025,Pira,1860.9,,,,,,,,,,,,,,,
17/09/2025,Dhok Hum,1708.5,,,,,,,,,,,,,,,
17/09/2025,U-Lakhwal,1470,,,,,,,,,,,,,,,
18/09/2025,Dharabi,1601.5,,,,,,,,,,,,,,,
18/09/2025,Mial,1430.2,,,,,,,,,,,,,,,
18/09/2025,Dhurnal,1459.5,,,,,,,,,,,,,,,
18/09/2025,Gurabh,1739.5,,,,,,,,,,,,,,,
18/09/2025,Bhugtal,1783,,,,,,,,,,,,,,,
18/09/2025,Pira,1860.9,,,,,,,,,,,,,,,
18/09/2025,Dhok Hum,1708.5,,,,,,,,,,,,,,,
18/09/2025,U-Lakhwal,1470,,,,,,,,,,,,,,,
19/09/2025,Dharabi,1601.3,,,,,,,,,,,,,,,
19/09/2025,Mial,1430.2,,,,,,,,,,,,,,,
19/09/2025,Dhurnal,1459.5,,,,,,,,,,,,,,,
19/09/2025,Gurabh,1739.5,,,,,,,,,,,,,,,
19/09/2025,Bhugtal,1783,,,,,,,,,,,,,,,
19/09/2025,Pira,1860.9,,,,,,,,,,,,,,,
19/09/2025,Dhok Hum,1708.5,,,,,,,,,,,,,,,
19/09/2025,U-Lakhwal,1470,,,,,,,,,,,,,,,
20/09/2025,Dharabi,1601.2,,,,,,,,,,,,,,,
20/09/2025,Mial,1430.2,,,,,,,,,,,,,,,
20/09/2025,Dhurnal,1459.5,,,,,,,,,,,,,,,
20/09/2025,Gurabh,1739.5,,,,,,,,,,,,,,,
20/09/2025,Bhugtal,1783,,,,,,,,,,,,,,,
20/09/2025,Pira,1860.9,,,,,,,,,,,,,,,
20/09/2025,Dhok Hum,1708.5,,,,,,,,,,,,,,,
20/09/2025,U-Lakhwal,1470,,,,,,,,,,,,,,,
21/09/2025,Dharabi,1601.1,,,,,,,,,,,,,,,
21/09/2025,Mial,1430.2,,,,,,,,,,,,,,,
21/09/2025,Dhurnal,1459.5,,,,,,,,,,,,,,,
21/09/2025,Gurabh,1739.5,,,,,,,,,,,,,,,
21/09/2025,Bhugtal,1783,,,,,,,,,,,,,,,
21/09/2025,Pira,1860.9,,,,,,,,,,,,,,,
21/09/2025,Dhok Hum,1708.5,,,,,,,,,,,,,,,
21/09/2025,U-Lakhwal,1470,,,,,,,,,,,,,,,
22/09/2025,Dharabi,1601,,,,,,,,,,,,,,,
22/09/2025,Mial,1430.2,,,,,,,,,,,,,,,
22/09/2025,Dhurnal,1459.5,,,,,,,,,,,,,,,
22/09/2025,Gurabh,1739.5,,,,,,,,,,,,,,,
22/09/2025,Bhugtal,1783,,,,,,,,,,,,,,,
22/09/2025,Pira,1860.9,,,,,,,,,,,,,,,
22/09/2025,Dhok Hum,1708.5,,,,,,,,,,,,,,,
22/09/2025,U-Lakhwal,1470,,,,,,,,,,,,,,,
23/09/2025,Dharabi,1601,,,,,,,,,,,,,,,
23/09/2025,Mial,1430.2,,,,,,,,,,,,,,,
23/09/2025,Dhurnal,1459.5,,,,,,,,,,,,,,,
23/09/2025,Gurabh,1739.5,,,,,,,,,,,,,,,
23/09/2025,Bhugtal,1783,,,,,,,,,,,,,,,
23/09/2025,Pira,1860.9,,,,,,,,,,,,,,,
23/09/2025,Dhok Hum,1708.5,,,,,,,,,,,,,,,
23/09/2025,U-Lakhwal,1470,,,,,,,,,,,,,,,
24/09/2025,Dharabi,1601,,,,,,,,,,,,,,,
24/09/2025,Mial,1430.2,,,,,,,,,,,,,,,
24/09/2025,Dhurnal,1459.5,,,,,,,,,,,,,,,
24/09/2025,Gurabh,1739.5,,,,,,,,,,,,,,,
24/09/2025,Bhugtal,1783,,,,,,,,,,,,,,,
24/09/2025,Pira,1860.9,,,,,,,,,,,,,,,
24/09/2025,Dhok Hum,1708.5,,,,,,,,,,,,,,,
24/09/2025,U-Lakhwal,1470,,,,,,,,,,,,,,,
25/09/2025,Dharabi,1601,,,,,,,,,,,,,,,
25/09/2025,Mial,1430.2,,,,,,,,,,,,,,,
25/09/2025,Dhurnal,1459.5,,,,,,,,,,,,,,,
25/09/2025,Gurabh,1739.5,,,,,,,,,,,,,,,
25/09/2025,Bhugtal,1783,,,,,,,,,,,,,,,
25/09/2025,Pira,1860.9,,,,,,,,,,,,,,,
25/09/2025,Dhok Hum,1708.5,,,,,,,,,,,,,,,
25/09/2025,U-Lakhwal,1470,,,,,,,,,,,,,,,
26/09/2025,Dharabi,1601,,,,,,,,,,,,,,,
26/09/2025,Mial,1430.2,,,,,,,,,,,,,,,
26/09/2025,Dhurnal,1459.5,,,,,,,,,,,,,,,
26/09/2025,Gurabh,1739.5,,,,,,,,,,,,,,,
26/09/2025,Bhugtal,1783,,,,,,,,,,,,,,,
26/09/2025,Pira,1860.9,,,,,,,,,,,,,,,
26/09/2025,Dhok Hum,1708.5,,,,,,,,,,,,,,,
26/09/2025,U-Lakhwal,1470,,,,,,,,,,,,,,,
27/09/2025,Dharabi,1601,,,,,,,,,,,,,,,
27/09/2025,Mial,1430.2,,,,,,,,,,,,,,,
27/09/2025,Dhurnal,1459.5,,,,,,,,,,,,,,,
27/09/2025,Gurabh,1739.5,,,,,,,,,,,,,,,
27/09/2025,Bhugtal,1783,,,,,,,,,,,,,,,
27/09/2025,Pira,1860.9,,,,,,,,,,,,,,,
27/09/2025,Dhok Hum,1708.5,,,,,,,,,,,,,,,
27/09/2025,U-Lakhwal,1470,,,,,,,,,,,,,,,
28/09/2025,Dharabi,1601,,,,,,,,,,,,,,,
28/09/2025,Mial,1430.2,,,,,,,,,,,,,,,
28/09/2025,Dhurnal,1459.5,,,,,,,,,,,,,,,
28/09/2025,Gurabh,1739.5,,,,,,,,,,,,,,,
28/09/2025,Bhugtal,1783,,,,,,,,,,,,,,,
28/09/2025,Pira,1860.9,,,,,,,,,,,,,,,
28/09/2025,Dhok Hum,1708.5,,,,,,,,,,,,,,,
28/09/2025,U-Lakhwal,1470,,,,,,,,,,,,,,,
29/09/2025,Dharabi,1601,,,,,,,,,,,,,,,
29/09/2025,Mial,1430.2,,,,,,,,,,,,,,,
29/09/2025,Dhurnal,1459.5,,,,,,,,,,,,,,,
29/09/2025,Gurabh,1739.5,,,,,,,,,,,,,,,
29/09/2025,Bhugtal,1783,,,,,,,,,,,,,,,
29/09/2025,Pira,1860.9,,,,,,,,,,,,,,,
29/09/2025,Dhok Hum,1708.5,,,,,,,,,,,,,,,
29/09/2025,U-Lakhwal,1470,,,,,,,,,,,,,,,
30/09/2025,Dharabi,1601,,,,,,,,,,,,,,,
30/09/2025,Mial,1430.2,,,,,,,,,,,,,,,
30/09/2025,Dhurnal,1459.5,,,,,,,,,,,,,,,
30/09/2025,Gurabh,1739.5,,,,,,,,,,,,,,,
30/09/2025,Bhugtal,1783,,,,,,,,,,,,,,,
30/09/2025,Pira,1860.9,,,,,,,,,,,,,,,
30/09/2025,Dhok Hum,1708.5,,,,,,,,,,,,,,,
30/09/2025,U-Lakhwal,1470,,,,,,,,,,,,,,,
1/10/2025,Dharabi,1601,,,,,,,,,,,,,,,
1/10/2025,Mial,1430.2,,,,,,,,,,,,,,,
1/10/2025,Dhurnal,1459.5,,,,,,,,,,,,,,,
1/10/2025,Gurabh,1739.5,,,,,,,,,,,,,,,
1/10/2025,Bhugtal,1783,,,,,,,,,,,,,,,
1/10/2025,Pira,1860.9,,,,,,,,,,,,,,,
1/10/2025,Dhok Hum,1708.5,,,,,,,,,,,,,,,
1/10/2025,U-Lakhwal,1470,,,,,,,,,,,,,,,
2/10/2025,Dharabi,1601,,,,,,,,,,,,,,,
2/10/2025,Mial,1430,,,,,,,,,,,,,,,
2/10/2025,Dhurnal,1459.5,,,,,,,,,,,,,,,
2/10/2025,Gurabh,1739.5,,,,,,,,,,,,,,,
2/10/2025,Bhugtal,1783,,,,,,,,,,,,,,,
2/10/2025,Pira,1860.9,,,,,,,,,,,,,,,
2/10/2025,Dhok Hum,1708.5,,,,,,,,,,,,,,,
2/10/2025,U-Lakhwal,1470,,,,,,,,,,,,,,,
3/10/2025,Dharabi,1601,,,,,,,,,,,,,,,
3/10/2025,Mial,1430,,,,,,,,,,,,,,,
3/10/2025,Dhurnal,1459.5,,,,,,,,,,,,,,,
3/10/2025,Gurabh,1739.5,,,,,,,,,,,,,,,
3/10/2025,Bhugtal,1783,,,,,,,,,,,,,,,
3/10/2025,Pira,1860.9,,,,,,,,,,,,,,,
3/10/2025,Dhok Hum,1708.5,,,,,,,,,,,,,,,
3/10/2025,U-Lakhwal,1470,,,,,,,,,,,,,,,
4/10/2025,Dharabi,1601,,,,,,,,,,,,,,,
4/10/2025,Mial,1429.9,,,,,,,,,,,,,,,
4/10/2025,Dhurnal,1459.5,,,,,,,,,,,,,,,
4/10/2025,Gurabh,1739.5,,,,,,,,,,,,,,,
4/10/2025,Bhugtal,1783,,,,,,,,,,,,,,,
4/10/2025,Pira,1860.9,,,,,,,,,,,,,,,
4/10/2025,Dhok Hum,1708.5,,,,,,,,,,,,,,,
4/10/2025,U-Lakhwal,1470,,,,,,,,,,,,,,,
5/10/2025,Dharabi,1601,,,,,,,,,,,,,,,
5/10/2025,Mial,1429.9,,,,,,,,,,,,,,,
5/10/2025,Dhurnal,1459.5,,,,,,,,,,,,,,,
5/10/2025,Gurabh,1739.5,,,,,,,,,,,,,,,
5/10/2025,Bhugtal,1783,,,,,,,,,,,,,,,
5/10/2025,Pira,1860.9,,,,,,,,,,,,,,,
5/10/2025,Dhok Hum,1708.5,,,,,,,,,,,,,,,
5/10/2025,U-Lakhwal,1470,,,,,,,,,,,,,,,
6/10/2025,Dharabi,1601,,,,,,,,,,,,,,,
6/10/2025,Mial,1429.9,,,,,,,,,,,,,,,
6/10/2025,Dhurnal,1459.5,,,,,,,,,,,,,,,
6/10/2025,Gurabh,1739.5,,,,,,,,,,,,,,,
6/10/2025,Bhugtal,1783,,,,,,,,,,,,,,,
6/10/2025,Pira,1860.9,,,,,,,,,,,,,,,
6/10/2025,Dhok Hum,1708.5,,,,,,,,,,,,,,,
6/10/2025,U-Lakhwal,1470,,,,,,,,,,,,,,,
7/10/2025,Dharabi,1601,,,,,,,,,,,,,,,
7/10/2025,Mial,1429.8,,,,,,,,,,,,,,,
7/10/2025,Dhurnal,1459.5,,,,,,,,,,,,,,,
7/10/2025,Gurabh,1739.5,,,,,,,,,,,,,,,
7/10/2025,Bhugtal,1783,,,,,,,,,,,,,,,
7/10/2025,Pira,1860.9,,,,,,,,,,,,,,,
7/10/2025,Dhok Hum,1708.5,,,,,,,,,,,,,,,
7/10/2025,U-Lakhwal,1470,,,,,,,,,,,,,,,
8/10/2025,Dharabi,1601,,,,,,,,,,,,,,,
8/10/2025,Mial,1429.7,,,,,,,,,,,,,,,
8/10/2025,Dhurnal,1459.5,,,,,,,,,,,,,,,
8/10/2025,Gurabh,1739.5,,,,,,,,,,,,,,,
8/10/2025,Bhugtal,1783,,,,,,,,,,,,,,,
8/10/2025,Pira,1860.9,,,,,,,,,,,,,,,
8/10/2025,Dhok Hum,1708.5,,,,,,,,,,,,,,,
8/10/2025,U-Lakhwal,1470,,,,,,,,,,,,,,,
9/10/2025,Dharabi,1601,,,,,,,,,,,,,,,
9/10/2025,Mial,1429.7,,,,,,,,,,,,,,,
9/10/2025,Dhurnal,1459.5,,,,,,,,,,,,,,,
9/10/2025,Gurabh,1739.5,,,,,,,,,,,,,,,
9/10/2025,Bhugtal,1783,,,,,,,,,,,,,,,
9/10/2025,Pira,1860.9,,,,,,,,,,,,,,,
9/10/2025,Dhok Hum,1708.5,,,,,,,,,,,,,,,
9/10/2025,U-Lakhwal,1470,,,,,,,,,,,,,,,
10/10/2025,Dharabi,1601,,,,,,,,,,,,,,,
10/10/2025,Mial,1429.7,,,,,,,,,,,,,,,
10/10/2025,Dhurnal,1459.5,,,,,,,,,,,,,,,
10/10/2025,Gurabh,1739.5,,,,,,,,,,,,,,,
10/10/2025,Bhugtal,1783,,,,,,,,,,,,,,,
10/10/2025,Pira,1860.9,,,,,,,,,,,,,,,
10/10/2025,Dhok Hum,1708.5,,,,,,,,,,,,,,,
10/10/2025,U-Lakhwal,1470,,,,,,,,,,,,,,,
11/10/2025,Dharabi,1601,,,,,,,,,,,,,,,
11/10/2025,Mial,1429.7,,,,,,,,,,,,,,,
11/10/2025,Dhurnal,1459.5,,,,,,,,,,,,,,,
11/10/2025,Gurabh,1739.5,,,,,,,,,,,,,,,
11/10/2025,Bhugtal,1783,,,,,,,,,,,,,,,
11/10/2025,Pira,1860.9,,,,,,,,,,,,,,,
11/10/2025,Dhok Hum,1708.5,,,,,,,,,,,,,,,
11/10/2025,U-Lakhwal,1470,,,,,,,,,,,,,,,
12/10/2025,Dharabi,1601,,,,,,,,,,,,,,,
12/10/2025,Mial,1429.7,,,,,,,,,,,,,,,
12/10/2025,Dhurnal,1459.5,,,,,,,,,,,,,,,
12/10/2025,Gurabh,1739.5,,,,,,,,,,,,,,,
12/10/2025,Bhugtal,1783,,,,,,,,,,,,,,,
12/10/2025,Pira,1860.9,,,,,,,,,,,,,,,
12/10/2025,Dhok Hum,1708.5,,,,,,,,,,,,,,,
12/10/2025,U-Lakhwal,1470,,,,,,,,,,,,,,,
13/10/2025,Dharabi,1601,,,,,,,,,,,,,,,
13/10/2025,Mial,1429.7,,,,,,,,,,,,,,,
13/10/2025,Dhurnal,1459.5,,,,,,,,,,,,,,,
13/10/2025,Gurabh,1739.5,,,,,,,,,,,,,,,
13/10/2025,Bhugtal,1783,,,,,,,,,,,,,,,
13/10/2025,Pira,1860.9,,,,,,,,,,,,,,,
13/10/2025,Dhok Hum,1708.5,,,,,,,,,,,,,,,
13/10/2025,U-Lakhwal,1470,,,,,,,,,,,,,,,
14/10/2025,Dharabi,1601,,,,,,,,,,,,,,,
14/10/2025,Mial,1429.7,,,,,,,,,,,,,,,
14/10/2025,Dhurnal,1459.5,,,,,,,,,,,,,,,
14/10/2025,Gurabh,1739.5,,,,,,,,,,,,,,,
14/10/2025,Bhugtal,1783,,,,,,,,,,,,,,,
14/10/2025,Pira,1860.9,,,,,,,,,,,,,,,
14/10/2025,Dhok Hum,1708.5,,,,,,,,,,,,,,,
14/10/2025,U-Lakhwal,1470,,,,,,,,,,,,,,,
15/10/2025,Dharabi,1601,,,,,,,,,,,,,,,
15/10/2025,Mial,1429.7,,,,,,,,,,,,,,,
15/10/2025,Dhurnal,1459.5,,,,,,,,,,,,,,,
15/10/2025,Gurabh,1739.5,,,,,,,,,,,,,,,
15/10/2025,Bhugtal,1783,,,,,,,,,,,,,,,
15/10/2025,Pira,1860.9,,,,,,,,,,,,,,,
15/10/2025,Dhok Hum,1708.5,,,,,,,,,,,,,,,
15/10/2025,U-Lakhwal,1470,,,,,,,,,,,,,,,
16/10/2025,Dharabi,1601,,,,,,,,,,,,,,,
16/10/2025,Mial,1429.7,,,,,,,,,,,,,,,
16/10/2025,Dhurnal,1459.5,,,,,,,,,,,,,,,
16/10/2025,Gurabh,1739.5,,,,,,,,,,,,,,,
16/10/2025,Bhugtal,1783,,,,,,,,,,,,,,,
16/10/2025,Pira,1860.9,,,,,,,,,,,,,,,
16/10/2025,Dhok Hum,1708.5,,,,,,,,,,,,,,,
16/10/2025,U-Lakhwal,1470,,,,,,,,,,,,,,,
17/10/2025,Dharabi,1601,,,,,,,,,,,,,,,
17/10/2025,Mial,1429.7,,,,,,,,,,,,,,,
17/10/2025,Dhurnal,1459.5,,,,,,,,,,,,,,,
17/10/2025,Gurabh,1739.5,,,,,,,,,,,,,,,
17/10/2025,Bhugtal,1783.2,,,,,,,,,,,,,,,
17/10/2025,Pira,1861.5,,,,,,,,,,,,,,,
17/10/2025,Dhok Hum,1708.5,,,,,,,,,,,,,,,
17/10/2025,U-Lakhwal,1470,,,,,,,,,,,,,,,
18/10/2025,Dharabi,1601,,,,,,,,,,,,,,,
18/10/2025,Mial,1429.7,,,,,,,,,,,,,,,
18/10/2025,Dhurnal,1459.5,,,,,,,,,,,,,,,
18/10/2025,Gurabh,1739.5,,,,,,,,,,,,,,,
18/10/2025,Bhugtal,1783.2,,,,,,,,,,,,,,,
18/10/2025,Pira,1861.5,,,,,,,,,,,,,,,
18/10/2025,Dhok Hum,1708.5,,,,,,,,,,,,,,,
18/10/2025,U-Lakhwal,1470,,,,,,,,,,,,,,,
19/10/2025,Dharabi,1601,,,,,,,,,,,,,,,
19/10/2025,Mial,1429.7,,,,,,,,,,,,,,,
19/10/2025,Dhurnal,1459.5,,,,,,,,,,,,,,,
19/10/2025,Gurabh,1739.5,,,,,,,,,,,,,,,
19/10/2025,Bhugtal,1783.2,,,,,,,,,,,,,,,
19/10/2025,Pira,1861.5,,,,,,,,,,,,,,,
19/10/2025,Dhok Hum,1708.5,,,,,,,,,,,,,,,
19/10/2025,U-Lakhwal,1470,,,,,,,,,,,,,,,
20/10/2025,Dharabi,1601,,,,,,,,,,,,,,,
20/10/2025,Mial,1429.4,,,,,,,,,,,,,,,
20/10/2025,Dhurnal,1459.5,,,,,,,,,,,,,,,
20/10/2025,Gurabh,1739,,,,,,,,,,,,,,,
20/10/2025,Bhugtal,1783,,,,,,,,,,,,,,,
20/10/2025,Pira,1861.5,,,,,,,,,,,,,,,
20/10/2025,Dhok Hum,1708,,,,,,,,,,,,,,,
20/10/2025,U-Lakhwal,1470,,,,,,,,,,,,,,,
21/10/2025,Dharabi,1601,,,,,,,,,,,,,,,
21/10/2025,Mial,1429.4,,,,,,,,,,,,,,,
21/10/2025,Dhurnal,1459.5,,,,,,,,,,,,,,,
21/10/2025,Gurabh,1739,,,,,,,,,,,,,,,
21/10/2025,Bhugtal,1783,,,,,,,,,,,,,,,
21/10/2025,Pira,1861.5,,,,,,,,,,,,,,,
21/10/2025,Dhok Hum,1708,,,,,,,,,,,,,,,
21/10/2025,U-Lakhwal,1470,,,,,,,,,,,,,,,
22/10/2025,Dharabi,1601,,,,,,,,,,,,,,,
22/10/2025,Mial,1429.4,,,,,,,,,,,,,,,
22/10/2025,Dhurnal,1459.5,,,,,,,,,,,,,,,
22/10/2025,Gurabh,1739,,,,,,,,,,,,,,,
22/10/2025,Bhugtal,1783,,,,,,,,,,,,,,,
22/10/2025,Pira,1861.5,,,,,,,,,,,,,,,
22/10/2025,Dhok Hum,1708,,,,,,,,,,,,,,,
22/10/2025,U-Lakhwal,1470,,,,,,,,,,,,,,,
23/10/2025,Dharabi,1601,,,,,,,,,,,,,,,
23/10/2025,Mial,1429,,,,,,,,,,,,,,,
23/10/2025,Dhurnal,1459.5,,,,,,,,,,,,,,,
23/10/2025,Gurabh,1738.5,,,,,,,,,,,,,,,
23/10/2025,Bhugtal,1782.5,,,,,,,,,,,,,,,
23/10/2025,Pira,1861.5,,,,,,,,,,,,,,,
23/10/2025,Dhok Hum,1708,,,,,,,,,,,,,,,
23/10/2025,U-Lakhwal,1470,,,,,,,,,,,,,,,
24/10/2025,Dharabi,1601,,,,,,,,,,,,,,,
24/10/2025,Mial,1429,,,,,,,,,,,,,,,
24/10/2025,Dhurnal,1459.5,,,,,,,,,,,,,,,
24/10/2025,Gurabh,1738.5,,,,,,,,,,,,,,,
24/10/2025,Bhugtal,1782.5,,,,,,,,,,,,,,,
24/10/2025,Pira,1861.5,,,,,,,,,,,,,,,
24/10/2025,Dhok Hum,1708,,,,,,,,,,,,,,,
24/10/2025,U-Lakhwal,1470,,,,,,,,,,,,,,,
25/10/2025,Dharabi,1601,,,,,,,,,,,,,,,
25/10/2025,Mial,1428.8,,,,,,,,,,,,,,,
25/10/2025,Dhurnal,1459.5,,,,,,,,,,,,,,,
25/10/2025,Gurabh,1738,,,,,,,,,,,,,,,
25/10/2025,Bhugtal,1782,,,,,,,,,,,,,,,
25/10/2025,Pira,1861.5,,,,,,,,,,,,,,,
25/10/2025,Dhok Hum,1708,,,,,,,,,,,,,,,
25/10/2025,U-Lakhwal,1470,,,,,,,,,,,,,,,
26/10/2025,Dharabi,1601,,,,,,,,,,,,,,,
26/10/2025,Mial,1428.8,,,,,,,,,,,,,,,
26/10/2025,Dhurnal,1459.5,,,,,,,,,,,,,,,
26/10/2025,Gurabh,1738,,,,,,,,,,,,,,,
26/10/2025,Bhugtal,1782,,,,,,,,,,,,,,,
26/10/2025,Pira,1861.5,,,,,,,,,,,,,,,
26/10/2025,Dhok Hum,1707.8,,,,,,,,,,,,,,,
26/10/2025,U-Lakhwal,1470,,,,,,,,,,,,,,,
27/10/2025,Dharabi,1601,,,,,,,,,,,,,,,
27/10/2025,Mial,1428.7,,,,,,,,,,,,,,,
27/10/2025,Dhurnal,1459.5,,,,,,,,,,,,,,,
27/10/2025,Gurabh,1737.5,,,,,,,,,,,,,,,
27/10/2025,Bhugtal,1781.8,,,,,,,,,,,,,,,
27/10/2025,Pira,1861.5,,,,,,,,,,,,,,,
27/10/2025,Dhok Hum,1707.6,,,,,,,,,,,,,,,
27/10/2025,U-Lakhwal,1470,,,,,,,,,,,,,,,
28/10/2025,Dharabi,1601,,,,,,,,,,,,,,,
28/10/2025,Mial,1428.7,,,,,,,,,,,,,,,
28/10/2025,Dhurnal,1459.5,,,,,,,,,,,,,,,
28/10/2025,Gurabh,1737.5,,,,,,,,,,,,,,,
28/10/2025,Bhugtal,1781.8,,,,,,,,,,,,,,,
28/10/2025,Pira,1861.5,,,,,,,,,,,,,,,
28/10/2025,Dhok Hum,1707.6,,,,,,,,,,,,,,,
28/10/2025,U-Lakhwal,1470,,,,,,,,,,,,,,,
29/10/2025,Dharabi,1601,,,,,,,,,,,,,,,
29/10/2025,Mial,1428.7,,,,,,,,,,,,,,,
29/10/2025,Dhurnal,1459.5,,,,,,,,,,,,,,,
29/10/2025,Gurabh,1737.5,,,,,,,,,,,,,,,
29/10/2025,Bhugtal,1781.8,,,,,,,,,,,,,,,
29/10/2025,Pira,1861.5,,,,,,,,,,,,,,,
29/10/2025,Dhok Hum,1707.6,,,,,,,,,,,,,,,
29/10/2025,U-Lakhwal,1470,,,,,,,,,,,,,,,
30/10/2025,Dharabi,1601,,,,,,,,,,,,,,,
30/10/2025,Mial,1428,,,,,,,,,,,,,,,
30/10/2025,Dhurnal,1459.5,,,,,,,,,,,,,,,
30/10/2025,Gurabh,1737,,,,,,,,,,,,,,,
30/10/2025,Bhugtal,1781.6,,,,,,,,,,,,,,,
30/10/2025,Pira,1861.5,,,,,,,,,,,,,,,
30/10/2025,Dhok Hum,1707.4,,,,,,,,,,,,,,,
30/10/2025,U-Lakhwal,1470,,,,,,,,,,,,,,,
31/10/2025,U-Lakhwal,1470,,,,,,,,,,,,,,,
31/10/2025,Dharabi,1601,,,,,,,,,,,,,,,
31/10/2025,Mial,1428,,,,,,,,,,,,,,,
31/10/2025,Dhurnal,1459.5,,,,,,,,,,,,,,,
31/10/2025,Gurabh,1737,,,,,,,,,,,,,,,
31/10/2025,Bhugtal,1781.6,,,,,,,,,,,,,,,
31/10/2025,Pira,1861.5,,,,,,,,,,,,,,,
31/10/2025,Dhok Hum,1707.4,,,,,,,,,,,,,,,
1/11/2025,Dharabi,1601,,,,,,,,,,,,,,,
1/11/2025,Mial,1428,,,,,,,,,,,,,,,
1/11/2025,Dhurnal,1459.5,,,,,,,,,,,,,,,
1/11/2025,Gurabh,1737,,,,,,,,,,,,,,,
1/11/2025,Bhugtal,1781.6,,,,,,,,,,,,,,,
1/11/2025,Pira,1861.5,,,,,,,,,,,,,,,
1/11/2025,Dhok Hum,1707.4,,,,,,,,,,,,,,,
1/11/2025,U-Lakhwal,1470,,,,,,,,,,,,,,,
2/11/2025,Dharabi,1601,,,,,,,,,,,,,,,
2/11/2025,Mial,1428.5,,,,,,,,,,,,,,,
2/11/2025,Dhurnal,1459.5,,,,,,,,,,,,,,,
2/11/2025,Gurabh,1736.5,,,,,,,,,,,,,,,
2/11/2025,Bhugtal,1781.3,,,,,,,,,,,,,,,
2/11/2025,Pira,1861.5,,,,,,,,,,,,,,,
2/11/2025,Dhok Hum,1707,,,,,,,,,,,,,,,
2/11/2025,U-Lakhwal,1470,,,,,,,,,,,,,,,
3/11/2025,Dharabi,1601,,,,,,,,,,,,,,,
3/11/2025,Mial,1428,,,,,,,,,,,,,,,
3/11/2025,Dhurnal,1459.3,,,,,,,,,,,,,,,
3/11/2025,Gurabh,1736,,,,,,,,,,,,,,,
3/11/2025,Bhugtal,1781,,,,,,,,,,,,,,,
3/11/2025,Pira,1861.5,,,,,,,,,,,,,,,
3/11/2025,Dhok Hum,1707,,,,,,,,,,,,,,,
3/11/2025,U-Lakhwal,1470,,,,,,,,,,,,,,,
4/11/2025,Dharabi,1601,,,,,,,,,,,,,,,
4/11/2025,Mial,1428,,,,,,,,,,,,,,,
4/11/2025,Dhurnal,1459.3,,,,,,,,,,,,,,,
4/11/2025,Gurabh,1736,,,,,,,,,,,,,,,
4/11/2025,Bhugtal,1781,,,,,,,,,,,,,,,
4/11/2025,Pira,1861.5,,,,,,,,,,,,,,,
4/11/2025,Dhok Hum,1707,,,,,,,,,,,,,,,
4/11/2025,U-Lakhwal,1470,,,,,,,,,,,,,,,
5/11/2025,Dharabi,1601,,,,,,,,,,,,,,,
5/11/2025,Mial,1427.8,,,,,,,,,,,,,,,
5/11/2025,Dhurnal,1459.3,,,,,,,,,,,,,,,
5/11/2025,Gurabh,1735,,,,,,,,,,,,,,,
5/11/2025,Bhugtal,1780.5,,,,,,,,,,,,,,,
5/11/2025,Pira,1861.5,,,,,,,,,,,,,,,
5/11/2025,Dhok Hum,1707,,,,,,,,,,,,,,,
5/11/2025,U-Lakhwal,1470,,,,,,,,,,,,,,,
6/11/2025,Dharabi,1601,,,,,,,,,,,,,,,
6/11/2025,Mial,1427.8,,,,,,,,,,,,,,,
6/11/2025,Dhurnal,1459.3,,,,,,,,,,,,,,,
6/11/2025,Gurabh,1734.5,,,,,,,,,,,,,,,
6/11/2025,Bhugtal,1780.5,,,,,,,,,,,,,,,
6/11/2025,Pira,1861.4,,,,,,,,,,,,,,,
6/11/2025,Dhok Hum,1707,,,,,,,,,,,,,,,
6/11/2025,U-Lakhwal,1470,,,,,,,,,,,,,,,
7/11/2025,Dharabi,1601,,,,,,,,,,,,,,,
7/11/2025,Mial,1427.8,,,,,,,,,,,,,,,
7/11/2025,Dhurnal,1459.3,,,,,,,,,,,,,,,
7/11/2025,Gurabh,1734.5,,,,,,,,,,,,,,,
7/11/2025,Bhugtal,1780.5,,,,,,,,,,,,,,,
7/11/2025,Pira,1861.4,,,,,,,,,,,,,,,
7/11/2025,Dhok Hum,1707,,,,,,,,,,,,,,,
7/11/2025,U-Lakhwal,1470,,,,,,,,,,,,,,,
8/11/2025,Dharabi,1601,,,,,,,,,,,,,,,
8/11/2025,Mial,1427.8,,,,,,,,,,,,,,,
8/11/2025,Dhurnal,1459.3,,,,,,,,,,,,,,,
8/11/2025,Gurabh,1734.5,,,,,,,,,,,,,,,
8/11/2025,Bhugtal,1780.5,,,,,,,,,,,,,,,
8/11/2025,Pira,1861.4,,,,,,,,,,,,,,,
8/11/2025,Dhok Hum,1707,,,,,,,,,,,,,,,
8/11/2025,U-Lakhwal,1470,,,,,,,,,,,,,,,
9/11/2025,Dharabi,1601,,,,,,,,,,,,,,,
9/11/2025,Mial,1427.8,,,,,,,,,,,,,,,
9/11/2025,Dhurnal,1459.3,,,,,,,,,,,,,,,
9/11/2025,Gurabh,1734.5,,,,,,,,,,,,,,,
9/11/2025,Bhugtal,1780.5,,,,,,,,,,,,,,,
9/11/2025,Pira,1861.4,,,,,,,,,,,,,,,
9/11/2025,Dhok Hum,1707,,,,,,,,,,,,,,,
9/11/2025,U-Lakhwal,1470,,,,,,,,,,,,,,,
10/11/2025,Dharabi,1601,,,,,,,,,,,,,,,
10/11/2025,Mial,1427.8,,,,,,,,,,,,,,,
10/11/2025,Dhurnal,1459.3,,,,,,,,,,,,,,,
10/11/2025,Gurabh,1734,,,,,,,,,,,,,,,
10/11/2025,Bhugtal,1780.5,,,,,,,,,,,,,,,
10/11/2025,Pira,1861.4,,,,,,,,,,,,,,,
10/11/2025,Dhok Hum,1707,,,,,,,,,,,,,,,
10/11/2025,U-Lakhwal,1470,,,,,,,,,,,,,,,
11/11/2025,Dharabi,1601,,,,,,,,,,,,,,,
11/11/2025,Mial,1427.8,,,,,,,,,,,,,,,
11/11/2025,Dhurnal,1459.3,,,,,,,,,,,,,,,
11/11/2025,Gurabh,1734,,,,,,,,,,,,,,,
11/11/2025,Bhugtal,1780.5,,,,,,,,,,,,,,,
11/11/2025,Pira,1861.4,,,,,,,,,,,,,,,
11/11/2025,Dhok Hum,1707,,,,,,,,,,,,,,,
11/11/2025,U-Lakhwal,1470,,,,,,,,,,,,,,,
12/11/2025,Dharabi,1601,,,,,,,,,,,,,,,
12/11/2025,Mial,1427.8,,,,,,,,,,,,,,,
12/11/2025,Dhurnal,1459.3,,,,,,,,,,,,,,,
12/11/2025,Gurabh,1734,,,,,,,,,,,,,,,
12/11/2025,Bhugtal,1780.5,,,,,,,,,,,,,,,
12/11/2025,Pira,1861.4,,,,,,,,,,,,,,,
12/11/2025,Dhok Hum,1707,,,,,,,,,,,,,,,
12/11/2025,U-Lakhwal,1470,,,,,,,,,,,,,,,
13/11/2025,Dharabi,1601,,,,,,,,,,,,,,,
13/11/2025,Mial,1427.8,,,,,,,,,,,,,,,
13/11/2025,Dhurnal,1459.3,,,,,,,,,,,,,,,
13/11/2025,Gurabh,1733,,,,,,,,,,,,,,,
13/11/2025,Bhugtal,1780.5,,,,,,,,,,,,,,,
13/11/2025,Pira,1861,,,,,,,,,,,,,,,
13/11/2025,Dhok Hum,1707,,,,,,,,,,,,,,,
13/11/2025,U-Lakhwal,1470,,,,,,,,,,,,,,,
14/11/2025,Dharabi,1601,,,,,,,,,,,,,,,
14/11/2025,Mial,1427.8,,,,,,,,,,,,,,,
14/11/2025,Dhurnal,1459.3,,,,,,,,,,,,,,,
14/11/2025,Gurabh,1732,,,,,,,,,,,,,,,
14/11/2025,Bhugtal,1780.5,,,,,,,,,,,,,,,
14/11/2025,Pira,1861,,,,,,,,,,,,,,,
14/11/2025,Dhok Hum,1707,,,,,,,,,,,,,,,
14/11/2025,U-Lakhwal,1470,,,,,,,,,,,,,,,
